{
  "component_config_id" : "e2b3b881-58f2-46be-adfa-ff8fa5afa1f4",
  "endpoint_config_json" : null,
  "input_config_json" : {
    "type" : "jsonb",
    "value" : "{\"crossRef\": [], \"services\": [], \"multistep\": [], \"operations\": []}",
    "null" : false
  },
  "output_config_json" : {
    "type" : "jsonb",
    "value" : "{\"crossRef\": [], \"services\": [], \"multistep\": [], \"operations\": []}",
    "null" : false
  },
  "component_id" : "6116e8c7-9c67-4086-a4e5-5b0fa60d9070",
  "service_id" : "0cb9eb45-5602-461f-a854-d4299b02b113",
  "endpoint_id" : "4f104f13-7597-499e-9577-fcdc2be0d08b",
  "parent_component_config_id" : null,
  "component_config_order" : 1.0,
  "action_id" : "3c8179e3-0fd6-4fcb-a638-2417e4ca6eb8",
  "name" : "",
  "description" : "",
  "override_endpoint" : false,
  "input_structure_json" : {
    "type" : "jsonb",
    "value" : "{\"maps\": [], \"mappedNodes\": []}",
    "null" : false
  },
  "output_structure_json" : {
    "type" : "jsonb",
    "value" : "{}",
    "null" : false
  },
  "endpoint_structure_json" : null,
  "is_error" : false,
  "no_of_errors" : null,
  "action_input_type" : null,
  "config_service_id" : null,
  "config_imap_id" : null,
  "config_b2b_document_type_id" : null,
  "config_document_id" : null,
  "add_variables" : {
    "type" : "jsonb",
    "value" : "[{\"id\": \"51893e90-c2f8-4af2-9e17-a48d1f3ad0bf\", \"key\": \"/HTTPSServerGetOutput\", \"type\": \"object\", \"title\": \"HTTPSServerGetOutput\", \"children\": [{\"id\": \"e972705c-a3da-439f-bf4d-4c62bfa87193\", \"key\": \"/HTTPSServerGetOutput/pathParams\", \"type\": \"object\", \"title\": \"pathParams\", \"children\": [], \"editAllow\": false, \"childrenSet\": false, \"hasChildren\": true, \"dataElementType\": \"document\", \"encryption_required\": false}, {\"id\": \"c3b76671-d7b5-4fb4-9302-85b1758d1a39\", \"key\": \"/HTTPSServerGetOutput/queryParams\", \"type\": \"object\", \"title\": \"queryParams\", \"children\": [], \"editAllow\": false, \"childrenSet\": false, \"hasChildren\": true, \"dataElementType\": \"document\", \"encryption_required\": false}, {\"id\": \"557172e9-974c-4b59-8456-2b4829b0aabd\", \"key\": \"/HTTPSServerGetOutput/headers\", \"type\": \"object\", \"title\": \"headers\", \"children\": [], \"editAllow\": false, \"childrenSet\": false, \"hasChildren\": true, \"dataElementType\": \"document\", \"encryption_required\": false}], \"editAllow\": false, \"childrenSet\": false, \"hasChildren\": true, \"dataElementType\": \"document\", \"encryption_required\": false}]",
    "null" : false
  },
  "drop_variables" : null,
  "plug_input_structure" : null,
  "plug_output_structure" : null,
  "config_plug_id" : null,
  "override_plug" : false,
  "config_java_service_id" : null,
  "service_tag" : "V50",
  "endpoint_tag" : "EMPTY",
  "config_service_tag" : null,
  "config_imap_tag" : null,
  "config_b2b_document_type_tag" : null,
  "active" : false,
  "parent_component_config_service_tag" : "V50",
  "service_project_id" : "f711dbbf-9ac5-4395-b9d4-02ea2f90f77d",
  "service_project_tag" : "V50",
  "config_service_project_id" : null,
  "config_service_project_tag" : null,
  "config_imap_project_id" : null,
  "config_imap_project_tag" : null,
  "config_b2b_document_type_project_id" : null,
  "config_b2b_document_type_project_tag" : null,
  "endpoint_project_id" : "f711dbbf-9ac5-4395-b9d4-02ea2f90f77d",
  "endpoint_project_tag" : "EMPTY",
  "config_plug_tag" : null,
  "config_plug_project_id" : null,
  "config_plug_project_tag" : null,
  "config_java_service_tag" : null,
  "config_java_service_project_id" : null,
  "config_java_service_project_tag" : null,
  "disabled" : false,
  "config" : {
    "type" : "json",
    "value" : "{\"resourceParams\":[{\"type\":\"resourceParams\",\"id\":\"777bd48a-f527-4291-b8ee-0d69215ac7bb\",\"value\":\"lbtest\",\"order\":8}],\"pathListParams\":[{\"type\":\"pathListParams\",\"id\":\"c20132da-d6cb-48ac-803b-34a60bf5fed3\",\"value\":null}],\"queryParams\":[],\"headers\":[],\"url\":\"https://axway-appc-se-design.sandbox.ampint.axwaytest.net:9443/lbtest\",\"resourcePath\":\"/lbtest\",\"body\":\"hello from v50\",\"status\":null,\"isAsync\":true,\"contentType\":\"text/plain\",\"pathParams\":[]}",
    "null" : false
  },
  "config_b2b_document_type_project_mode_id" : "112c1cb8-4b9e-4d1a-a042-0bd031dc7d05",
  "config_imap_project_mode_id" : "112c1cb8-4b9e-4d1a-a042-0bd031dc7d05",
  "config_java_service_project_mode_id" : "112c1cb8-4b9e-4d1a-a042-0bd031dc7d05",
  "config_plug_project_mode_id" : "112c1cb8-4b9e-4d1a-a042-0bd031dc7d05",
  "config_service_project_mode_id" : "112c1cb8-4b9e-4d1a-a042-0bd031dc7d05",
  "endpoint_project_mode_id" : "112c1cb8-4b9e-4d1a-a042-0bd031dc7d05",
  "service_project_mode_id" : "112c1cb8-4b9e-4d1a-a042-0bd031dc7d05",
  "parent_component_config_service_project_mode_id" : "112c1cb8-4b9e-4d1a-a042-0bd031dc7d05",
  "is_audit" : true,
  "keys_with_order" : null
}