{
  "id" : "f711dbbf-9ac5-4395-b9d4-02ea2f90f77d",
  "name" : "LBclitest",
  "createdOn" : "2024-07-29T20:39:44.684",
  "modifiedOn" : "2025-02-01T16:29:45.277",
  "createdBy" : "fbe89da3-e0bb-4982-bd59-d46f52883257",
  "modifiedBy" : "fbe89da3-e0bb-4982-bd59-d46f52883257",
  "projectDescription" : "LBclitest",
  "active" : false,
  "tag" : "V40",
  "comment" : "Update to V40",
  "baseTag" : "V39",
  "modeId" : "112c1cb8-4b9e-4d1a-a042-0bd031dc7d05",
  "deployedOn" : null,
  "details" : null,
  "projectType" : "Fusion"
}